screen_name,degree_rt,degree_reply,ratio
,208,644,3.0961538461538463
Ayu_Dira16,5,1,0.2
Penghuluikan,24,4,0.16666666666666666
B_dzoel,6,1,0.16666666666666666
SalamDiahA,7,1,0.14285714285714285
