screen_name,degree
BPJSKesehatanRI,3.31998350492406e-05
44bifenol,3.4947194788674315e-06
worksfess,3.4947194788674315e-06
DenniAden,3.4947194788674315e-06
Hilang8281,1.7473597394337158e-06
