screen_name,degree
Sofianpalupi,0.2841463414634146
,0.25365853658536586
readzone,0.045121951219512194
BakulJamu_79,0.03902439024390244
Penghuluikan,0.029268292682926828
