screen_name,degree
Pura2demoCRAZY,7.221775514458441e-05
ComebackU25,6.849519044640996e-05
RajaSuspend_,4.318175049882367e-05
aniesfor2024,3.7970159921379434e-05
panglima_z,2.9780517585395634e-05
