screen_name,degree
,0.8507265521796565
Sofianpalupi,0.010568031704095112
BPJSKesehatanRI,0.009247027741083224
Mail21man,0.0066050198150594455
Penghuluikan,0.005284015852047556
