index,precision,recall,f1-score,support
negatif,0.9577464788732394,0.8717948717948718,0.9127516778523489,78.0
netral,0.8888888888888888,0.9230769230769231,0.9056603773584906,78.0
positif,0.9230769230769231,0.972972972972973,0.9473684210526315,74.0
accuracy,0.9217391304347826,0.9217391304347826,0.9217391304347826,0.9217391304347826
macro avg,0.9232374302796839,0.9226149226149226,0.9219268254211569,230.0
weighted avg,0.9232402217092971,0.9217391304347826,0.9214843628884357,230.0
